<?xml version="1.0" encoding="UTF-8"?>
<project-private xmlns="http://www.netbeans.org/ns/project-private/1">
    <editor-bookmarks xmlns="http://www.netbeans.org/ns/editor-bookmarks/2" lastBookmarkId="2">
        <file>
            <url>public/frontend/js/common.js</url>
            <bookmark id="2">
                <name/>
                <line>374</line>
                <key/>
            </bookmark>
        </file>
        <file>
            <url>resources/views/pages/frontend/frontend-pages/brand-single-page.blade.php</url>
            <bookmark id="1">
                <name/>
                <line>98</line>
                <key/>
            </bookmark>
        </file>
    </editor-bookmarks>
    <open-files xmlns="http://www.netbeans.org/ns/projectui-open-files/2">
        <group/>
    </open-files>
</project-private>
